Date,Description,Original Description,Amount,Transaction Type,Category,Account Name,Labels,Notes,Dates
01/03/2023,"PRE-AUTHORIZATION DEBIT AT DUNKIN 348029, SARASOTA, FL ON 010323 FROM CARD#: XXXXXXXXXXXX0123","PRE-AUTHORIZATION DEBIT AT DUNKIN 348029, SARASOTA, FL ON 010323 FROM CARD#: XXXXXXXXXXXX0123",12.68,debit,Coffee Shops,FIFTH THIRD MOMENTUM CHECKING,,,2023-01-03T00:00:00
01/03/2023,"PRE-AUTHORIZATION DEBIT AT STARBUCKS STORE 5286, SARASOTA, FL ON 010323 FROM CARD#: XXXXXXXXXXXX0123","PRE-AUTHORIZATION DEBIT AT STARBUCKS STORE 5286, SARASOTA, FL ON 010323 FROM CARD#: XXXXXXXXXXXX0123",6.05,debit,Coffee Shops,FIFTH THIRD MOMENTUM CHECKING,,,2023-01-03T00:00:00
01/03/2023,"PRE-AUTHORIZATION DEBIT AT SHELL, SARASOTA, FL ON 010323 FROM CARD#: XXXXXXXXXXXX0123","PRE-AUTHORIZATION DEBIT AT SHELL, SARASOTA, FL ON 010323 FROM CARD#: XXXXXXXXXXXX0123",5.66,debit,Gas & Fuel,FIFTH THIRD MOMENTUM CHECKING,,,2023-01-03T00:00:00
01/02/2023,"PRE-AUTHORIZATION DEBIT AT DD *DOORDASH KASASUSHI, SAN FRANCISCO, CA ON 010223 FROM CARD#: XXXXXXXXXXXX0123","PRE-AUTHORIZATION DEBIT AT DD *DOORDASH KASASUSHI, SAN FRANCISCO, CA ON 010223 FROM CARD#: XXXXXXXXXXXX0123",46.9,debit,Food Delivery,FIFTH THIRD MOMENTUM CHECKING,,,2023-01-02T00:00:00
01/01/2023,"PRE-AUTHORIZATION DEBIT AT BVD*BEENVERIFIED.COM, 855-9046471, NY ON 010123 FROM CARD#: XXXXXXXXXXXX0123","PRE-AUTHORIZATION DEBIT AT BVD*BEENVERIFIED.COM, 855-9046471, NY ON 010123 FROM CARD#: XXXXXXXXXXXX0123",26.89,debit,Shopping,FIFTH THIRD MOMENTUM CHECKING,,,2023-01-01T00:00:00
01/01/2023,"PRE-AUTHORIZATION DEBIT AT WAWA 5217, SARASOTA, FL ON 010123 FROM CARD#: XXXXXXXXXXXX0123","PRE-AUTHORIZATION DEBIT AT WAWA 5217, SARASOTA, FL ON 010123 FROM CARD#: XXXXXXXXXXXX0123",35.4,debit,Gas & Fuel,FIFTH THIRD MOMENTUM CHECKING,,,2023-01-01T00:00:00
01/01/2023,"PRE-AUTHORIZATION DEBIT AT WAWA 5217, SARASOTA, FL ON 010123 FROM CARD#: XXXXXXXXXXXX0123","PRE-AUTHORIZATION DEBIT AT WAWA 5217, SARASOTA, FL ON 010123 FROM CARD#: XXXXXXXXXXXX0123",7.69,debit,Gas & Fuel,FIFTH THIRD MOMENTUM CHECKING,,,2023-01-01T00:00:00
01/01/2023,RECEIVED RTP ID 20230101021000021P1BRJPM00100010122 FROM VENMO                                                                         ,RECEIVED RTP ID 20230101021000021P1BRJPM00100010122 FROM VENMO,196.5,credit,Income,FIFTH THIRD MOMENTUM CHECKING,,,2023-01-01T00:00:00
01/01/2023,"PRE-AUTHORIZATION DEBIT AT WAWA 5217, SARASOTA, FL ON 010123 FROM CARD#: XXXXXXXXXXXX0123","PRE-AUTHORIZATION DEBIT AT WAWA 5217, SARASOTA, FL ON 010123 FROM CARD#: XXXXXXXXXXXX0123",25.53,debit,Gas & Fuel,FIFTH THIRD MOMENTUM CHECKING,,,2023-01-01T00:00:00
12/30/2022,FRUITVILLE & WAS - 105601 300 N,FRUITVILLE & WAS - 105601 300 N,0.49,debit,Groceries,FIFTH THIRD MOMENTUM CHECKING,,,2022-12-30T00:00:00
12/27/2022,RECURRING PURCHASE AT APPLE.COM/,RECURRING PURCHASE AT APPLE.COM/,0.99,debit,Electronics & Software,FIFTH THIRD MOMENTUM CHECKING,,,2022-12-27T00:00:00
12/13/2022,TWITCH TV - 001000 JTI*TWITCHTV,TWITCH TV - 001000 JTI*TWITCHTV,4.99,debit,Entertainment,FIFTH THIRD MOMENTUM CHECKING,,,2022-12-13T00:00:00
12/12/2022,ATM Fee,ATM WITHDRAWAL POSTED,3,debit,ATM Fee,FIFTH THIRD MOMENTUM CHECKING,,,2022-12-12T00:00:00
12/12/2022,ATM WITHDRAWAL POSTED,ATM WITHDRAWAL POSTED,20,debit,Cash & ATM,FIFTH THIRD MOMENTUM CHECKING,,,2022-12-12T00:00:00
12/12/2022,NON-5/3 CASH WITHDRAWAL FEE,NON-5/3 CASH WITHDRAWAL FEE,3,debit,Cash & ATM,FIFTH THIRD MOMENTUM CHECKING,,,2022-12-12T00:00:00
12/12/2022,Received RTP ID 2022120902100002,Received RTP ID 2022120902100002,49.13,credit,Income,FIFTH THIRD MOMENTUM CHECKING,,,2022-12-12T00:00:00
12/12/2022,"RECURRING PURCHASE AT SPOTIFY, 8","RECURRING PURCHASE AT SPOTIFY, 8",10.77,debit,Music,FIFTH THIRD MOMENTUM CHECKING,,,2022-12-12T00:00:00
12/08/2022,"TACO BELL #24560, SARASOTA, FL","TACO BELL #24560, SARASOTA, FL",33.98,debit,Fast Food,FIFTH THIRD MOMENTUM CHECKING,,,2022-12-08T00:00:00
12/08/2022,"BP#6195002CATTLERI, SARASOTA, FL","BP#6195002CATTLERI, SARASOTA, FL",12.97,debit,Gas & Fuel,FIFTH THIRD MOMENTUM CHECKING,,,2022-12-08T00:00:00
12/06/2022,Received RTP ID 2022120602100002,Received RTP ID 2022120602100002,39.3,credit,Income,FIFTH THIRD MOMENTUM CHECKING,,,2022-12-06T00:00:00
12/05/2022,"XTC ADULT SUPERCEN, SARASOTA, FL","XTC ADULT SUPERCEN, SARASOTA, FL",19.25,debit,Movies & DVDs,FIFTH THIRD MOMENTUM CHECKING,,,2022-12-05T00:00:00
12/05/2022,CRUNCH CLUB FEES 2233600363772,CRUNCH CLUB FEES 2233600363772,26.74,debit,Gym,FIFTH THIRD MOMENTUM CHECKING,,,2022-12-05T00:00:00
12/02/2022,"CHICK-FIL-A #00632, SARASOTA, FL","CHICK-FIL-A #00632, SARASOTA, FL",9.47,debit,Fast Food,FIFTH THIRD MOMENTUM CHECKING,,,2022-12-02T00:00:00
12/01/2022,ATM Fee,ATM WITHDRAWAL POSTED,3,debit,ATM Fee,FIFTH THIRD MOMENTUM CHECKING,,,2022-12-01T00:00:00
12/01/2022,ATM WITHDRAWAL POSTED,ATM WITHDRAWAL POSTED,20,debit,Cash & ATM,FIFTH THIRD MOMENTUM CHECKING,,,2022-12-01T00:00:00
12/01/2022,- N4AR01 7-ELEVEN SARASOTA FL ON,- N4AR01 7-ELEVEN SARASOTA FL ON,9.18,debit,Fast Food,FIFTH THIRD MOMENTUM CHECKING,,,2022-12-01T00:00:00
12/01/2022,"Subway 335, Sarasota, FL","Subway 335, Sarasota, FL",2.2,debit,Fast Food,FIFTH THIRD MOMENTUM CHECKING,,,2022-12-01T00:00:00
12/01/2022,Received RTP ID 2022120102100002,Received RTP ID 2022120102100002,39.3,credit,Income,FIFTH THIRD MOMENTUM CHECKING,,,2022-12-01T00:00:00
12/01/2022,NON-5/3 CASH WITHDRAWAL FEE,NON-5/3 CASH WITHDRAWAL FEE,3,debit,Cash & ATM,FIFTH THIRD MOMENTUM CHECKING,,,2022-12-01T00:00:00
11/29/2022,Received RTP ID 2022112902100002,Received RTP ID 2022112902100002,98.25,credit,Income,FIFTH THIRD MOMENTUM CHECKING,,,2022-11-29T00:00:00
11/29/2022,- 088504 SUNOCO 80009800 SARASOT,- 088504 SUNOCO 80009800 SARASOT,45,debit,Gas & Fuel,FIFTH THIRD MOMENTUM CHECKING,,,2022-11-29T00:00:00
11/28/2022,RECURRING PURCHASE AT APPLE.COM/,RECURRING PURCHASE AT APPLE.COM/,0.99,debit,Electronics & Software,FIFTH THIRD MOMENTUM CHECKING,,,2022-11-28T00:00:00
11/25/2022,"DG HARDWARE, SARASOTA, FL","DG HARDWARE, SARASOTA, FL",0.91,debit,Home,FIFTH THIRD MOMENTUM CHECKING,,,2022-11-25T00:00:00
11/23/2022,"SONIC DRIVE IN #64, BRADENTON, F","SONIC DRIVE IN #64, BRADENTON, F",10.99,debit,Fast Food,FIFTH THIRD MOMENTUM CHECKING,,,2022-11-23T00:00:00
11/23/2022,"7-ELEVEN 40347, SARASOTA, FL","7-ELEVEN 40347, SARASOTA, FL",9.18,debit,Fast Food,FIFTH THIRD MOMENTUM CHECKING,,,2022-11-23T00:00:00
11/22/2022,"FRUITVILLE VAP & S, SARASOTA, FL","FRUITVILLE VAP & S, SARASOTA, FL",51.36,debit,Groceries,FIFTH THIRD MOMENTUM CHECKING,,,2022-11-22T00:00:00
11/22/2022,"AMZN Mktp US*HI2OW, Amzn.com/bil","AMZN Mktp US*HI2OW, Amzn.com/bil",27.81,debit,Shopping,FIFTH THIRD MOMENTUM CHECKING,,,2022-11-22T00:00:00
11/22/2022,"AMZN Mktp US*HI93N, Amzn.com/bil","AMZN Mktp US*HI93N, Amzn.com/bil",5.28,debit,Shopping,FIFTH THIRD MOMENTUM CHECKING,,,2022-11-22T00:00:00
11/22/2022,"AMZN Mktp US*HW222, Amzn.com/bil","AMZN Mktp US*HW222, Amzn.com/bil",44.04,debit,Shopping,FIFTH THIRD MOMENTUM CHECKING,,,2022-11-22T00:00:00
11/21/2022,ATM Fee,ATM WITHDRAWAL POSTED,3,debit,ATM Fee,FIFTH THIRD MOMENTUM CHECKING,,,2022-11-21T00:00:00
11/21/2022,ATM WITHDRAWAL POSTED,ATM WITHDRAWAL POSTED,40,debit,Cash & ATM,FIFTH THIRD MOMENTUM CHECKING,,,2022-11-21T00:00:00
11/21/2022,"SUPER 8, RINGGOLD, GA","SUPER 8, RINGGOLD, GA",95.85,debit,Groceries,FIFTH THIRD MOMENTUM CHECKING,,,2022-11-21T00:00:00
11/21/2022,Received RTP ID 2022111902100002,Received RTP ID 2022111902100002,196.5,credit,Income,FIFTH THIRD MOMENTUM CHECKING,,,2022-11-21T00:00:00
11/21/2022,NON-5/3 CASH WITHDRAWAL FEE,NON-5/3 CASH WITHDRAWAL FEE,3,debit,Cash & ATM,FIFTH THIRD MOMENTUM CHECKING,,,2022-11-21T00:00:00
11/18/2022,"WAFFLE HOUSE 0130, CORDELE, GA","WAFFLE HOUSE 0130, CORDELE, GA",32,debit,Fast Food,FIFTH THIRD MOMENTUM CHECKING,,,2022-11-18T00:00:00
11/18/2022,"DD DOORDASH MCDONA, 8559731040,","DD DOORDASH MCDONA, 8559731040,",47.08,debit,Food Delivery,FIFTH THIRD MOMENTUM CHECKING,,,2022-11-18T00:00:00
11/18/2022,RECURRING PURCHASE AT BVD*BEENVE,RECURRING PURCHASE AT BVD*BEENVE,26.89,debit,Music,FIFTH THIRD MOMENTUM CHECKING,,,2022-11-18T00:00:00
11/17/2022,EARLY PAY: RED ROBIN INTERN 0000,EARLY PAY: RED ROBIN INTERN 0000,50.14,credit,Paycheck,FIFTH THIRD MOMENTUM CHECKING,,,2022-11-17T00:00:00
11/17/2022,Received RTP ID 2022111602100002,Received RTP ID 2022111602100002,196.5,credit,Income,FIFTH THIRD MOMENTUM CHECKING,,,2022-11-17T00:00:00
11/17/2022,7-ELEVEN - N2UQ01 6385 La Rose R,7-ELEVEN - N2UQ01 6385 La Rose R,46.05,debit,Gas & Fuel,FIFTH THIRD MOMENTUM CHECKING,,,2022-11-17T00:00:00
11/14/2022,TWITCH TV - 001000 JTI*TWITCHTV,TWITCH TV - 001000 JTI*TWITCHTV,4.99,debit,Entertainment,FIFTH THIRD MOMENTUM CHECKING,,,2022-11-14T00:00:00
11/07/2022,"RECURRING PURCHASE AT SPOTIFY, 8","RECURRING PURCHASE AT SPOTIFY, 8",10.77,debit,Music,FIFTH THIRD MOMENTUM CHECKING,,,2022-11-07T00:00:00
11/07/2022,"RED ROBIN NO 600, CINCINNATI, OH","RED ROBIN NO 600, CINCINNATI, OH",9.58,debit,Restaurants,FIFTH THIRD MOMENTUM CHECKING,,,2022-11-07T00:00:00
11/07/2022,"BUCKS STORE 09, CINCINNATI, OH","BUCKS STORE 09, CINCINNATI, OH",7.3,debit,Coffee Shops,FIFTH THIRD MOMENTUM CHECKING,,,2022-11-07T00:00:00
11/07/2022,"SQ *ALL HALLOWS EV, Williamsburg","SQ *ALL HALLOWS EV, Williamsburg",8.72,debit,Restaurants,FIFTH THIRD MOMENTUM CHECKING,,,2022-11-07T00:00:00
11/04/2022,CRUNCH CLUB FEES 2230700255243,CRUNCH CLUB FEES 2230700255243,26.74,debit,Gym,FIFTH THIRD MOMENTUM CHECKING,,,2022-11-04T00:00:00
11/03/2022,EARLY PAY: RED ROBIN INTERN 0000,EARLY PAY: RED ROBIN INTERN 0000,64.72,credit,Paycheck,FIFTH THIRD MOMENTUM CHECKING,,,2022-11-03T00:00:00
10/28/2022,"PAYPAL *192 COM LT, 35314369001,","PAYPAL *192 COM LT, 35314369001,",23.17,debit,Shopping,FIFTH THIRD MOMENTUM CHECKING,,,2022-10-28T00:00:00
10/28/2022,INTERNATIONAL TRANS FEE,INTERNATIONAL TRANS FEE,0.7,debit,Service Fee,FIFTH THIRD MOMENTUM CHECKING,,,2022-10-28T00:00:00
10/28/2022,"PAYPAL *192 COM LT, 35314369001,","PAYPAL *192 COM LT, 35314369001,",23.27,debit,Shopping,FIFTH THIRD MOMENTUM CHECKING,,,2022-10-28T00:00:00
10/28/2022,INTERNATIONAL TRANS FEE,INTERNATIONAL TRANS FEE,0.7,debit,Service Fee,FIFTH THIRD MOMENTUM CHECKING,,,2022-10-28T00:00:00
10/27/2022,- 534901 SUNOCO 01984681 BLUE AS,- 534901 SUNOCO 01984681 BLUE AS,26.94,debit,Gas & Fuel,FIFTH THIRD MOMENTUM CHECKING,,,2022-10-27T00:00:00
10/26/2022,RECURRING PURCHASE AT APPLE.COM/,RECURRING PURCHASE AT APPLE.COM/,0.99,debit,Electronics & Software,FIFTH THIRD MOMENTUM CHECKING,,,2022-10-26T00:00:00
10/25/2022,"DD DOORDASH ELJINE, 8559731040,","DD DOORDASH ELJINE, 8559731040,",52.25,debit,Food Delivery,FIFTH THIRD MOMENTUM CHECKING,,,2022-10-25T00:00:00
10/25/2022,"DD DOORDASH RHINOS, 8559731040,","DD DOORDASH RHINOS, 8559731040,",14.19,debit,Food Delivery,FIFTH THIRD MOMENTUM CHECKING,,,2022-10-25T00:00:00
10/24/2022,"DD DOORDASH KYOTOJ, 8559731040,","DD DOORDASH KYOTOJ, 8559731040,",34.57,debit,Food Delivery,FIFTH THIRD MOMENTUM CHECKING,,,2022-10-24T00:00:00
10/24/2022,- 506101 UNITED DAIRY FA CINCINN,- 506101 UNITED DAIRY FA CINCINN,22.39,debit,Groceries,FIFTH THIRD MOMENTUM CHECKING,,,2022-10-24T00:00:00
10/24/2022,Received RTP ID 2022102302100002,Received RTP ID 2022102302100002,147.38,credit,Income,FIFTH THIRD MOMENTUM CHECKING,,,2022-10-24T00:00:00
10/24/2022,"DD DOORDASH DRAGON, 8559731040,","DD DOORDASH DRAGON, 8559731040,",22.47,debit,Food Delivery,FIFTH THIRD MOMENTUM CHECKING,,,2022-10-24T00:00:00
10/24/2022,- 078301 BP#95309167799 CINCINNA,- 078301 BP#95309167799 CINCINNA,27.59,debit,Gas & Fuel,FIFTH THIRD MOMENTUM CHECKING,,,2022-10-24T00:00:00
10/21/2022,"HOLLYWOOD FEED 409, CINCINNATI,","HOLLYWOOD FEED 409, CINCINNATI,",36.98,debit,Pet Food & Supplies,FIFTH THIRD MOMENTUM CHECKING,,,2022-10-21T00:00:00
10/21/2022,- 078701 BP#9531872PFEIF CINCINN,- 078701 BP#9531872PFEIF CINCINN,14.84,debit,Gas & Fuel,FIFTH THIRD MOMENTUM CHECKING,,,2022-10-21T00:00:00
10/20/2022,EARLY PAY: RED ROBIN INTERN 0000,EARLY PAY: RED ROBIN INTERN 0000,157.48,credit,Paycheck,FIFTH THIRD MOMENTUM CHECKING,,,2022-10-20T00:00:00
10/17/2022,"SHELL OIL 57443023, WEST CHESTER","SHELL OIL 57443023, WEST CHESTER",20.02,debit,Gas & Fuel,FIFTH THIRD MOMENTUM CHECKING,,,2022-10-17T00:00:00
10/13/2022,RECURRING PURCHASE AT BVD*BEENVE,RECURRING PURCHASE AT BVD*BEENVE,26.89,debit,Music,FIFTH THIRD MOMENTUM CHECKING,,,2022-10-13T00:00:00
10/13/2022,TWITCH TV - 001000 JTI*TWITCHTV,TWITCH TV - 001000 JTI*TWITCHTV,4.99,debit,Entertainment,FIFTH THIRD MOMENTUM CHECKING,,,2022-10-13T00:00:00
10/13/2022,"BUCKS STORE 09, CINCINNATI, OH","BUCKS STORE 09, CINCINNATI, OH",5.25,debit,Coffee Shops,FIFTH THIRD MOMENTUM CHECKING,,,2022-10-13T00:00:00
10/12/2022,"Uzbegim (Register, Cincinnati, O","Uzbegim (Register, Cincinnati, O",8.35,debit,Entertainment,FIFTH THIRD MOMENTUM CHECKING,,,2022-10-12T00:00:00
10/12/2022,"BUCKS STORE 09, WESTCHESTER, OH","BUCKS STORE 09, WESTCHESTER, OH",13.95,debit,Coffee Shops,FIFTH THIRD MOMENTUM CHECKING,,,2022-10-12T00:00:00
10/11/2022,RECURRING PURCHASE AT APPLE.COM/,RECURRING PURCHASE AT APPLE.COM/,38.78,debit,Electronics & Software,FIFTH THIRD MOMENTUM CHECKING,,,2022-10-11T00:00:00
10/11/2022,- 553101 UNITED DAIRY FA CINCINN,- 553101 UNITED DAIRY FA CINCINN,11.89,debit,Groceries,FIFTH THIRD MOMENTUM CHECKING,,,2022-10-11T00:00:00
10/07/2022,"DD DOORDASH NOODLE, 8559731040,","DD DOORDASH NOODLE, 8559731040,",31.85,debit,Food Delivery,FIFTH THIRD MOMENTUM CHECKING,,,2022-10-07T00:00:00
10/07/2022,"TACO BELL 31683, MILFORD, OH","TACO BELL 31683, MILFORD, OH",16.78,debit,Fast Food,FIFTH THIRD MOMENTUM CHECKING,,,2022-10-07T00:00:00
10/06/2022,"LEHRS PRIME MARKET, MILFORD, OH","LEHRS PRIME MARKET, MILFORD, OH",33.14,debit,Groceries,FIFTH THIRD MOMENTUM CHECKING,,,2022-10-06T00:00:00
10/06/2022,"Spotify USA, New York, NY","Spotify USA, New York, NY",10.77,debit,Music,FIFTH THIRD MOMENTUM CHECKING,,,2022-10-06T00:00:00
10/06/2022,"UNITED DAIRY FARME, MILFORD, OH","UNITED DAIRY FARME, MILFORD, OH",10.11,debit,Groceries,FIFTH THIRD MOMENTUM CHECKING,,,2022-10-06T00:00:00
10/06/2022,EARLY PAY: Total Qualit-OSV EDIP,EARLY PAY: Total Qualit-OSV EDIP,51.83,credit,Paycheck,FIFTH THIRD MOMENTUM CHECKING,,,2022-10-06T00:00:00
10/06/2022,"VIP WIRELESS & SMO, MILFORD, OH","VIP WIRELESS & SMO, MILFORD, OH",40,debit,Shopping,FIFTH THIRD MOMENTUM CHECKING,,,2022-10-06T00:00:00
10/05/2022,Received RTP ID 2022100502100002,Received RTP ID 2022100502100002,245.63,credit,Income,FIFTH THIRD MOMENTUM CHECKING,,,2022-10-05T00:00:00
10/05/2022,- 725401 UNITED DAIRY FA SPRINGB,- 725401 UNITED DAIRY FA SPRINGB,41.33,debit,Gas & Fuel,FIFTH THIRD MOMENTUM CHECKING,,,2022-10-05T00:00:00
10/05/2022,INTERBANK TRANSFER TO SV3:XXXXXX,INTERBANK TRANSFER TO SV3:XXXXXX,9.75,credit,Transfer,FIFTH THIRD MOMENTUM CHECKING,,,2022-10-05T00:00:00
10/04/2022,"MCDONALD'S F236, CINCINNATI, OH","MCDONALD'S F236, CINCINNATI, OH",7.58,debit,Fast Food,FIFTH THIRD MOMENTUM CHECKING,,,2022-10-04T00:00:00
10/04/2022,Received RTP ID 2022100402100002,Received RTP ID 2022100402100002,29.48,credit,Income,FIFTH THIRD MOMENTUM CHECKING,,,2022-10-04T00:00:00
10/04/2022,CRUNCH CLUB FEES 2227600131045,CRUNCH CLUB FEES 2227600131045,26.74,debit,Gym,FIFTH THIRD MOMENTUM CHECKING,,,2022-10-04T00:00:00
10/04/2022,- 553101 UNITED DAIRY FA CINCINN,- 553101 UNITED DAIRY FA CINCINN,1.29,debit,Groceries,FIFTH THIRD MOMENTUM CHECKING,,,2022-10-04T00:00:00
10/04/2022,"TACO BELL #037003, MILFORD, OH","TACO BELL #037003, MILFORD, OH",20.41,debit,Fast Food,FIFTH THIRD MOMENTUM CHECKING,,,2022-10-04T00:00:00
10/03/2022,"PANERA BREAD #2049, CINCINNATI,","PANERA BREAD #2049, CINCINNATI,",4.39,debit,Fast Food,FIFTH THIRD MOMENTUM CHECKING,,,2022-10-03T00:00:00
10/03/2022,"DD DOORDASH ICHIBA, 8559731040,","DD DOORDASH ICHIBA, 8559731040,",36.08,debit,Food Delivery,FIFTH THIRD MOMENTUM CHECKING,,,2022-10-03T00:00:00
10/03/2022,"MAGIC WOK RESTAURA, CINCINNATI,","MAGIC WOK RESTAURA, CINCINNATI,",17.57,debit,Restaurants,FIFTH THIRD MOMENTUM CHECKING,,,2022-10-03T00:00:00
10/03/2022,"CHICK-FIL-A #03817, MILFORD, OH","CHICK-FIL-A #03817, MILFORD, OH",11.79,debit,Fast Food,FIFTH THIRD MOMENTUM CHECKING,,,2022-10-03T00:00:00
9/30/2022,"BUCKS STORE 55, MILFORD, OH","BUCKS STORE 55, MILFORD, OH",5.25,debit,Coffee Shops,FIFTH THIRD MOMENTUM CHECKING,,,2022-09-30T00:00:00
9/30/2022,Speedway - 103301 200 S Main St,Speedway - 103301 200 S Main St,60.43,debit,Gas & Fuel,FIFTH THIRD MOMENTUM CHECKING,,,2022-09-30T00:00:00
9/30/2022,INTERBANK TRANSFER TO SV1:XXXXXX,INTERBANK TRANSFER TO SV1:XXXXXX,39.3,credit,Transfer,FIFTH THIRD MOMENTUM CHECKING,,,2022-09-30T00:00:00
9/29/2022,Square Inc * Cash App T200517437,Square Inc * Cash App T200517437,102,credit,Income,FIFTH THIRD MOMENTUM CHECKING,,,2022-09-29T00:00:00
9/29/2022,"RAISING CANES 758, CINCINNATI, O","RAISING CANES 758, CINCINNATI, O",11.06,debit,Restaurants,FIFTH THIRD MOMENTUM CHECKING,,,2022-09-29T00:00:00
9/28/2022,"SQ *ROHS STREET CA, Cincinnati,","SQ *ROHS STREET CA, Cincinnati,",9.62,debit,Coffee Shops,FIFTH THIRD MOMENTUM CHECKING,,,2022-09-28T00:00:00
9/28/2022,"USQUARE W GAR PARK, CINCINNATI,","USQUARE W GAR PARK, CINCINNATI,",1,debit,Parking,FIFTH THIRD MOMENTUM CHECKING,,,2022-09-28T00:00:00
9/28/2022,- 506301 UNITED DAIRY FA MILFORD,- 506301 UNITED DAIRY FA MILFORD,14.75,debit,Groceries,FIFTH THIRD MOMENTUM CHECKING,,,2022-09-28T00:00:00
9/28/2022,CRUNCH CLUB FEES 2227000247278,CRUNCH CLUB FEES 2227000247278,53.49,debit,Gym,FIFTH THIRD MOMENTUM CHECKING,,,2022-09-28T00:00:00
9/28/2022,"BANA MARKET, CINCINNATI, OH","BANA MARKET, CINCINNATI, OH",9.96,debit,Groceries,FIFTH THIRD MOMENTUM CHECKING,,,2022-09-28T00:00:00
9/27/2022,Springboro Mayors,"SPRINGBORO MAYORS, 937-7489782,",275,debit,Uncategorized,FIFTH THIRD MOMENTUM CHECKING,,,2022-09-27T00:00:00
9/27/2022,"BUCKS STORE 55, MILFORD, OH","BUCKS STORE 55, MILFORD, OH",10.9,debit,Coffee Shops,FIFTH THIRD MOMENTUM CHECKING,,,2022-09-27T00:00:00
9/26/2022,"TST* TASTE OF BELG, CINCINNATI,","TST* TASTE OF BELG, CINCINNATI,",27.37,debit,Restaurants,FIFTH THIRD MOMENTUM CHECKING,,,2022-09-26T00:00:00
9/26/2022,RECURRING PURCHASE AT APPLE.COM/,RECURRING PURCHASE AT APPLE.COM/,19.39,debit,Electronics & Software,FIFTH THIRD MOMENTUM CHECKING,,,2022-09-26T00:00:00
9/26/2022,"DD DOORDASH CHINAH, 8559731040,","DD DOORDASH CHINAH, 8559731040,",31.37,debit,Food Delivery,FIFTH THIRD MOMENTUM CHECKING,,,2022-09-26T00:00:00
9/26/2022,"TST* By Gollys, Milford, OH","TST* By Gollys, Milford, OH",52,debit,Restaurants,FIFTH THIRD MOMENTUM CHECKING,,,2022-09-26T00:00:00
9/26/2022,- 506301 UNITED DAIRY FA MILFORD,- 506301 UNITED DAIRY FA MILFORD,29.55,debit,Gas & Fuel,FIFTH THIRD MOMENTUM CHECKING,,,2022-09-26T00:00:00
9/26/2022,RECURRING PURCHASE AT APPLE.COM/,RECURRING PURCHASE AT APPLE.COM/,0.99,debit,Electronics & Software,FIFTH THIRD MOMENTUM CHECKING,,,2022-09-26T00:00:00
9/26/2022,- 506301 UNITED DAIRY FA MILFORD,- 506301 UNITED DAIRY FA MILFORD,32.34,debit,Gas & Fuel,FIFTH THIRD MOMENTUM CHECKING,,,2022-09-26T00:00:00
9/26/2022,"BUCKS STORE 55, MILFORD, OH","BUCKS STORE 55, MILFORD, OH",6.45,debit,Coffee Shops,FIFTH THIRD MOMENTUM CHECKING,,,2022-09-26T00:00:00
9/26/2022,MERCHANT CREDIT TST* TASTE OF B,MERCHANT CREDIT TST* TASTE OF B,1.37,credit,Income,FIFTH THIRD MOMENTUM CHECKING,,,2022-09-26T00:00:00
9/26/2022,"POPEYES 12563, MASON, OH","POPEYES 12563, MASON, OH",8.11,debit,Restaurants,FIFTH THIRD MOMENTUM CHECKING,,,2022-09-26T00:00:00
9/26/2022,"LEHRS PRIME MARKET, MILFORD, OH","LEHRS PRIME MARKET, MILFORD, OH",54.29,debit,Groceries,FIFTH THIRD MOMENTUM CHECKING,,,2022-09-26T00:00:00
9/26/2022,- 671001 UNITED DAIRY FA MILFORD,- 671001 UNITED DAIRY FA MILFORD,46.9,debit,Gas & Fuel,FIFTH THIRD MOMENTUM CHECKING,,,2022-09-26T00:00:00
9/26/2022,ATM WITHDRAWAL POSTED,ATM WITHDRAWAL POSTED,40,debit,Cash & ATM,FIFTH THIRD MOMENTUM CHECKING,,,2022-09-26T00:00:00
9/26/2022,"ASANDA IMPORTS LTD, YELLOW SPRIN","ASANDA IMPORTS LTD, YELLOW SPRIN",90.51,debit,Business Services,FIFTH THIRD MOMENTUM CHECKING,,,2022-09-26T00:00:00
9/26/2022,"TOM & CHEE LEVEE Q, NEWPORT, KY","TOM & CHEE LEVEE Q, NEWPORT, KY",11.1,debit,Fast Food,FIFTH THIRD MOMENTUM CHECKING,,,2022-09-26T00:00:00
9/26/2022,- 040202 KROGER #4 6950 MIAMI A,- 040202 KROGER #4 6950 MIAMI A,23.41,debit,Groceries,FIFTH THIRD MOMENTUM CHECKING,,,2022-09-26T00:00:00
9/26/2022,- 627401 UNITED DAIRY FA CINCINN,- 627401 UNITED DAIRY FA CINCINN,8.56,debit,Groceries,FIFTH THIRD MOMENTUM CHECKING,,,2022-09-26T00:00:00
9/26/2022,"P&G GARAGE, CINCINNATI, OH","P&G GARAGE, CINCINNATI, OH",3,debit,Parking,FIFTH THIRD MOMENTUM CHECKING,,,2022-09-26T00:00:00
9/23/2022,- 506301 UNITED DAIRY FA MILFORD,- 506301 UNITED DAIRY FA MILFORD,45.86,debit,Gas & Fuel,FIFTH THIRD MOMENTUM CHECKING,,,2022-09-23T00:00:00
9/23/2022,"LS PANGAEA TRADING, YELLOW SPRIN","LS PANGAEA TRADING, YELLOW SPRIN",19.22,debit,Restaurants,FIFTH THIRD MOMENTUM CHECKING,,,2022-09-23T00:00:00
9/23/2022,"TST* By Gollys, Milford, OH","TST* By Gollys, Milford, OH",17,debit,Restaurants,FIFTH THIRD MOMENTUM CHECKING,,,2022-09-23T00:00:00
9/23/2022,VITAMINSHOPPE643 - 104 3831 EDWA,VITAMINSHOPPE643 - 104 3831 EDWA,115.3,debit,Groceries,FIFTH THIRD MOMENTUM CHECKING,,,2022-09-23T00:00:00
9/23/2022,WAL-MART #2250 - 225001 4000 RED,WAL-MART #2250 - 225001 4000 RED,56.75,debit,Shopping,FIFTH THIRD MOMENTUM CHECKING,,,2022-09-23T00:00:00
9/23/2022,"BUCKS STORE 55, MILFORD, OH","BUCKS STORE 55, MILFORD, OH",14.85,debit,Coffee Shops,FIFTH THIRD MOMENTUM CHECKING,,,2022-09-23T00:00:00
9/23/2022,"SHELL OIL 57444702, CINCINNATI,","SHELL OIL 57444702, CINCINNATI,",36.66,debit,Gas & Fuel,FIFTH THIRD MOMENTUM CHECKING,,,2022-09-23T00:00:00
9/23/2022,"APPFOLIO *PROSP, 8666481536, KY","APPFOLIO *PROSP, 8666481536, KY",45,debit,Shopping,FIFTH THIRD MOMENTUM CHECKING,,,2022-09-23T00:00:00
9/23/2022,"DD DOORDASH CLOUD9, 8559731040,","DD DOORDASH CLOUD9, 8559731040,",39.89,debit,Food Delivery,FIFTH THIRD MOMENTUM CHECKING,,,2022-09-23T00:00:00
9/22/2022,NNT WANDER AND W - 543440 241 XE,NNT WANDER AND W - 543440 241 XE,7.46,debit,Groceries,FIFTH THIRD MOMENTUM CHECKING,,,2022-09-22T00:00:00
9/22/2022,EARLY PAY: Total Qualit-OSV EDIP,EARLY PAY: Total Qualit-OSV EDIP,1022,credit,Paycheck,FIFTH THIRD MOMENTUM CHECKING,,,2022-09-22T00:00:00
9/22/2022,"365 MARKET 888 43, TROY, MI","365 MARKET 888 43, TROY, MI",1.86,debit,Groceries,FIFTH THIRD MOMENTUM CHECKING,,,2022-09-22T00:00:00
9/22/2022,"WAFFLE HOUSE 2360, MILFORD, OH","WAFFLE HOUSE 2360, MILFORD, OH",33,debit,Fast Food,FIFTH THIRD MOMENTUM CHECKING,,,2022-09-22T00:00:00
9/22/2022,NNT EMPORIUM WIN - 320785 233 XE,NNT EMPORIUM WIN - 320785 233 XE,21.84,debit,Groceries,FIFTH THIRD MOMENTUM CHECKING,,,2022-09-22T00:00:00
9/22/2022,"365 MARKET 888 43, TROY, MI","365 MARKET 888 43, TROY, MI",2.76,debit,Groceries,FIFTH THIRD MOMENTUM CHECKING,,,2022-09-22T00:00:00
9/21/2022,"DD DOORDASH WHITEC, 8559731040,","DD DOORDASH WHITEC, 8559731040,",25.81,debit,Food Delivery,FIFTH THIRD MOMENTUM CHECKING,,,2022-09-21T00:00:00
9/20/2022,"BUCKS STORE 02, MILFORD, OH","BUCKS STORE 02, MILFORD, OH",9.2,debit,Coffee Shops,FIFTH THIRD MOMENTUM CHECKING,,,2022-09-20T00:00:00
9/20/2022,"DD DOORDASH DASHMA, 8559731040,","DD DOORDASH DASHMA, 8559731040,",42.65,debit,Food Delivery,FIFTH THIRD MOMENTUM CHECKING,,,2022-09-20T00:00:00
9/20/2022,"SQ *FUEGO PARRILLA, Milford, OH","SQ *FUEGO PARRILLA, Milford, OH",28.55,debit,Restaurants,FIFTH THIRD MOMENTUM CHECKING,,,2022-09-20T00:00:00
9/19/2022,ATM Fee,ATM WITHDRAWAL POSTED,3,debit,ATM Fee,FIFTH THIRD MOMENTUM CHECKING,,,2022-09-19T00:00:00
9/19/2022,ATM WITHDRAWAL POSTED,ATM WITHDRAWAL POSTED,40,debit,Cash & ATM,FIFTH THIRD MOMENTUM CHECKING,,,2022-09-19T00:00:00
9/19/2022,NON-5/3 CASH WITHDRAWAL FEE,NON-5/3 CASH WITHDRAWAL FEE,3,debit,Cash & ATM,FIFTH THIRD MOMENTUM CHECKING,,,2022-09-19T00:00:00
9/19/2022,RECURRING PURCHASE AT ZG * RENTA,RECURRING PURCHASE AT ZG * RENTA,29,debit,Mortgage & Rent,FIFTH THIRD MOMENTUM CHECKING,,,2022-09-19T00:00:00
9/19/2022,MCDONALD'S F1153 - 114810 990 LI,MCDONALD'S F1153 - 114810 990 LI,15.62,debit,Fast Food,FIFTH THIRD MOMENTUM CHECKING,,,2022-09-19T00:00:00
9/19/2022,"BUCKS STORE 55, MILFORD, OH","BUCKS STORE 55, MILFORD, OH",10.6,debit,Coffee Shops,FIFTH THIRD MOMENTUM CHECKING,,,2022-09-19T00:00:00
9/19/2022,"365 MARKET 888 43, TROY, MI","365 MARKET 888 43, TROY, MI",3.89,debit,Groceries,FIFTH THIRD MOMENTUM CHECKING,,,2022-09-19T00:00:00
9/19/2022,"BUCKS STORE 02, MILFORD, OH","BUCKS STORE 02, MILFORD, OH",10.1,debit,Coffee Shops,FIFTH THIRD MOMENTUM CHECKING,,,2022-09-19T00:00:00
9/19/2022,- 200 TRACTOR S 1325 STATE R MIL,- 200 TRACTOR S 1325 STATE R MIL,82.83,debit,Pet Food & Supplies,FIFTH THIRD MOMENTUM CHECKING,,,2022-09-19T00:00:00
9/19/2022,"VIP WIRELESS & SMO, MILFORD, OH","VIP WIRELESS & SMO, MILFORD, OH",35,debit,Mobile Phone,FIFTH THIRD MOMENTUM CHECKING,,,2022-09-19T00:00:00
9/19/2022,"DD DOORDASH BUFFAL, 8559731040,","DD DOORDASH BUFFAL, 8559731040,",28.56,debit,Food Delivery,FIFTH THIRD MOMENTUM CHECKING,,,2022-09-19T00:00:00
9/19/2022,- 506301 UNITED DAIRY FA MILFORD,- 506301 UNITED DAIRY FA MILFORD,12.85,debit,Groceries,FIFTH THIRD MOMENTUM CHECKING,,,2022-09-19T00:00:00
9/19/2022,"CASH APP*JOHN FUGA, 4153753176,","CASH APP*JOHN FUGA, 4153753176,",12,debit,Misc Expenses,FIFTH THIRD MOMENTUM CHECKING,,,2022-09-19T00:00:00
9/19/2022,ATM WITHDRAWAL POSTED,ATM WITHDRAWAL POSTED,80,debit,Cash & ATM,FIFTH THIRD MOMENTUM CHECKING,,,2022-09-19T00:00:00
9/16/2022,"365 MARKET 888 43, TROY, MI","365 MARKET 888 43, TROY, MI",7,debit,Groceries,FIFTH THIRD MOMENTUM CHECKING,,,2022-09-16T00:00:00
9/16/2022,- ERM001 THORNTONS #0554 - 798 M,- ERM001 THORNTONS #0554 - 798 M,70.39,debit,Gas & Fuel,FIFTH THIRD MOMENTUM CHECKING,,,2022-09-16T00:00:00
9/16/2022,"DD DOORDASH IHOP, 8559731040, CA","DD DOORDASH IHOP, 8559731040, CA",36.08,debit,Restaurants,FIFTH THIRD MOMENTUM CHECKING,,,2022-09-16T00:00:00
9/16/2022,"365 MARKET 888 43, TROY, MI","365 MARKET 888 43, TROY, MI",5,debit,Groceries,FIFTH THIRD MOMENTUM CHECKING,,,2022-09-16T00:00:00
9/15/2022,"DD DOORDASH DASHMA, 8559731040,","DD DOORDASH DASHMA, 8559731040,",22.09,debit,Food Delivery,FIFTH THIRD MOMENTUM CHECKING,,,2022-09-15T00:00:00
9/14/2022,"DD DOORDASH SLOROA, 8559731040,","DD DOORDASH SLOROA, 8559731040,",47.02,debit,Food Delivery,FIFTH THIRD MOMENTUM CHECKING,,,2022-09-14T00:00:00
9/14/2022,"CHICK-FIL-A #03817, MILFORD, OH","CHICK-FIL-A #03817, MILFORD, OH",8.23,debit,Fast Food,FIFTH THIRD MOMENTUM CHECKING,,,2022-09-14T00:00:00
9/14/2022,RECURRING PURCHASE AT APPLE.COM/,RECURRING PURCHASE AT APPLE.COM/,19.39,debit,Electronics & Software,FIFTH THIRD MOMENTUM CHECKING,,,2022-09-14T00:00:00
9/14/2022,"BUCKS STORE 02, MILFORD, OH","BUCKS STORE 02, MILFORD, OH",10.6,debit,Coffee Shops,FIFTH THIRD MOMENTUM CHECKING,,,2022-09-14T00:00:00
9/14/2022,"DD DOORDASH MCDONA, 8559731040,","DD DOORDASH MCDONA, 8559731040,",25.83,debit,Food Delivery,FIFTH THIRD MOMENTUM CHECKING,,,2022-09-14T00:00:00
9/13/2022,"DD DOORDASH RALLYS, 8559731040,","DD DOORDASH RALLYS, 8559731040,",36.16,debit,Food Delivery,FIFTH THIRD MOMENTUM CHECKING,,,2022-09-13T00:00:00
9/13/2022,TWITCH TV - 001000 JTI*TWITCHTV,TWITCH TV - 001000 JTI*TWITCHTV,4.99,debit,Entertainment,FIFTH THIRD MOMENTUM CHECKING,,,2022-09-13T00:00:00
9/13/2022,RECURRING PURCHASE AT BVD*BEENVE,RECURRING PURCHASE AT BVD*BEENVE,26.89,debit,Music,FIFTH THIRD MOMENTUM CHECKING,,,2022-09-13T00:00:00
9/13/2022,CHECK POSTED,CHECK POSTED,42,debit,Check,FIFTH THIRD MOMENTUM CHECKING,,,2022-09-13T00:00:00
9/13/2022,"BUCKS STORE 55, MILFORD, OH","BUCKS STORE 55, MILFORD, OH",8.7,debit,Coffee Shops,FIFTH THIRD MOMENTUM CHECKING,,,2022-09-13T00:00:00
9/12/2022,"PANERA BREAD #2049, CINCINNATI,","PANERA BREAD #2049, CINCINNATI,",5.69,debit,Fast Food,FIFTH THIRD MOMENTUM CHECKING,,,2022-09-12T00:00:00
9/12/2022,"365 MARKET 888 43, TROY, MI","365 MARKET 888 43, TROY, MI",7.97,debit,Groceries,FIFTH THIRD MOMENTUM CHECKING,,,2022-09-12T00:00:00
9/12/2022,- 506301 UNITED DAIRY FA MILFORD,- 506301 UNITED DAIRY FA MILFORD,17.08,debit,Groceries,FIFTH THIRD MOMENTUM CHECKING,,,2022-09-12T00:00:00
9/12/2022,"DD DOORDASH SUKHOT, 8559731040,","DD DOORDASH SUKHOT, 8559731040,",35.6,debit,Food Delivery,FIFTH THIRD MOMENTUM CHECKING,,,2022-09-12T00:00:00
9/12/2022,"DD DOORDASH CHIPOT, 8559731040,","DD DOORDASH CHIPOT, 8559731040,",29.04,debit,Food Delivery,FIFTH THIRD MOMENTUM CHECKING,,,2022-09-12T00:00:00
9/12/2022,"365 MARKET 888 43, TROY, MI","365 MARKET 888 43, TROY, MI",3.89,debit,Groceries,FIFTH THIRD MOMENTUM CHECKING,,,2022-09-12T00:00:00
9/12/2022,"DD DOORDASH NAPAKI, 8559731040,","DD DOORDASH NAPAKI, 8559731040,",23,debit,Food Delivery,FIFTH THIRD MOMENTUM CHECKING,,,2022-09-12T00:00:00
9/12/2022,"DD DOORDASH CHICK-, 8559731040,","DD DOORDASH CHICK-, 8559731040,",21.62,debit,Food Delivery,FIFTH THIRD MOMENTUM CHECKING,,,2022-09-12T00:00:00
09/09/2022,"AMZN Mktp US*1F8WF, Amzn.com/bil","AMZN Mktp US*1F8WF, Amzn.com/bil",21.02,debit,Shopping,FIFTH THIRD MOMENTUM CHECKING,,,2022-09-09T00:00:00
09/09/2022,- 506301 UNITED DAIRY FA MILFORD,- 506301 UNITED DAIRY FA MILFORD,16.73,debit,Groceries,FIFTH THIRD MOMENTUM CHECKING,,,2022-09-09T00:00:00
09/09/2022,"BUCKS STORE 02, MILFORD, OH","BUCKS STORE 02, MILFORD, OH",5.75,debit,Coffee Shops,FIFTH THIRD MOMENTUM CHECKING,,,2022-09-09T00:00:00
09/08/2022,"DD DOORDASH MCDONA, 8559731040,","DD DOORDASH MCDONA, 8559731040,",32.97,debit,Food Delivery,FIFTH THIRD MOMENTUM CHECKING,,,2022-09-08T00:00:00
09/08/2022,EARLY PAY: Total Qualit-OSV EDIP,EARLY PAY: Total Qualit-OSV EDIP,1088.6,credit,Paycheck,FIFTH THIRD MOMENTUM CHECKING,,,2022-09-08T00:00:00
09/08/2022,"DD DOORDASH DASHMA, 8559731040,","DD DOORDASH DASHMA, 8559731040,",43.81,debit,Food Delivery,FIFTH THIRD MOMENTUM CHECKING,,,2022-09-08T00:00:00
09/08/2022,ATM WITHDRAWAL POSTED,ATM WITHDRAWAL POSTED,40,debit,Cash & ATM,FIFTH THIRD MOMENTUM CHECKING,,,2022-09-08T00:00:00
09/07/2022,RECURRING PURCHASE AT APPLE.COM/,RECURRING PURCHASE AT APPLE.COM/,19.39,debit,Electronics & Software,FIFTH THIRD MOMENTUM CHECKING,,,2022-09-07T00:00:00
09/06/2022,"BUCKS STORE 02, MILFORD, OH","BUCKS STORE 02, MILFORD, OH",9.1,debit,Coffee Shops,FIFTH THIRD MOMENTUM CHECKING,,,2022-09-06T00:00:00
09/06/2022,"365 MARKET 888 43, TROY, MI","365 MARKET 888 43, TROY, MI",6.93,debit,Groceries,FIFTH THIRD MOMENTUM CHECKING,,,2022-09-06T00:00:00
09/06/2022,"DD DOORDASH WINGST, 8559731040,","DD DOORDASH WINGST, 8559731040,",30.86,debit,Food Delivery,FIFTH THIRD MOMENTUM CHECKING,,,2022-09-06T00:00:00
09/06/2022,CRUNCH CLUB FEES 2224500410139,CRUNCH CLUB FEES 2224500410139,26.74,debit,Gym,FIFTH THIRD MOMENTUM CHECKING,,,2022-09-06T00:00:00
09/06/2022,VENMO CASHOUT 1022119028193 0906,VENMO CASHOUT 1022119028193 0906,300,credit,Transfer,FIFTH THIRD MOMENTUM CHECKING,,,2022-09-06T00:00:00
09/06/2022,"DD DOORDASH IHOP, 8559731040, CA","DD DOORDASH IHOP, 8559731040, CA",9.06,debit,Restaurants,FIFTH THIRD MOMENTUM CHECKING,,,2022-09-06T00:00:00
09/06/2022,"DD DOORDASH TACOBE, 8559731040,","DD DOORDASH TACOBE, 8559731040,",23.72,debit,Food Delivery,FIFTH THIRD MOMENTUM CHECKING,,,2022-09-06T00:00:00
09/02/2022,"365 MARKET 888 43, TROY, MI","365 MARKET 888 43, TROY, MI",3.78,debit,Groceries,FIFTH THIRD MOMENTUM CHECKING,,,2022-09-02T00:00:00
09/02/2022,"DD DOORDASH CHIPOT, 8559731040,","DD DOORDASH CHIPOT, 8559731040,",23.54,debit,Food Delivery,FIFTH THIRD MOMENTUM CHECKING,,,2022-09-02T00:00:00
09/02/2022,- 506301 UNITED DAIRY FA MILFORD,- 506301 UNITED DAIRY FA MILFORD,3.48,debit,Groceries,FIFTH THIRD MOMENTUM CHECKING,,,2022-09-02T00:00:00
09/01/2022,RECURRING PURCHASE AT APPLE.COM/,RECURRING PURCHASE AT APPLE.COM/,19.39,debit,Electronics & Software,FIFTH THIRD MOMENTUM CHECKING,,,2022-09-01T00:00:00
8/31/2022,"DD DOORDASH MARCOS, 8559731040,","DD DOORDASH MARCOS, 8559731040,",42.09,debit,Food Delivery,FIFTH THIRD MOMENTUM CHECKING,,,2022-08-31T00:00:00
8/30/2022,"CASH APP*VICTORIA, 4153753176, C","CASH APP*VICTORIA, 4153753176, C",13,debit,Misc Expenses,FIFTH THIRD MOMENTUM CHECKING,,,2022-08-30T00:00:00
8/30/2022,"DD DOORDASH CLOUD9, 8559731040,","DD DOORDASH CLOUD9, 8559731040,",39.89,debit,Food Delivery,FIFTH THIRD MOMENTUM CHECKING,,,2022-08-30T00:00:00
8/29/2022,RECURRING PURCHASE AT APPLE.COM/,RECURRING PURCHASE AT APPLE.COM/,0.99,debit,Electronics & Software,FIFTH THIRD MOMENTUM CHECKING,,,2022-08-29T00:00:00
8/29/2022,WAL-MART #2250 - 225001 4000 RED,WAL-MART #2250 - 225001 4000 RED,34.79,debit,Shopping,FIFTH THIRD MOMENTUM CHECKING,,,2022-08-29T00:00:00
8/29/2022,"365 MARKET 888 43, TROY, MI","365 MARKET 888 43, TROY, MI",8.22,debit,Groceries,FIFTH THIRD MOMENTUM CHECKING,,,2022-08-29T00:00:00
8/29/2022,"DD DOORDASH DASHMA, 8559731040,","DD DOORDASH DASHMA, 8559731040,",49.51,debit,Food Delivery,FIFTH THIRD MOMENTUM CHECKING,,,2022-08-29T00:00:00
8/29/2022,- 307001 SALLY BEA 820 MAIN ST M,- 307001 SALLY BEA 820 MAIN ST M,53.52,debit,Business Services,FIFTH THIRD MOMENTUM CHECKING,,,2022-08-29T00:00:00
8/29/2022,"CASH APP*JOHN FUGA, 4153753176,","CASH APP*JOHN FUGA, 4153753176,",33,debit,Transfer,FIFTH THIRD MOMENTUM CHECKING,,,2022-08-29T00:00:00
8/29/2022,"365 MARKET 888 43, TROY, MI","365 MARKET 888 43, TROY, MI",3.62,debit,Groceries,FIFTH THIRD MOMENTUM CHECKING,,,2022-08-29T00:00:00
8/29/2022,"BUCKS STORE 02, MILFORD, OH","BUCKS STORE 02, MILFORD, OH",10.2,debit,Coffee Shops,FIFTH THIRD MOMENTUM CHECKING,,,2022-08-29T00:00:00
8/29/2022,"DD DOORDASH MCDONA, 8559731040,","DD DOORDASH MCDONA, 8559731040,",24.31,debit,Food Delivery,FIFTH THIRD MOMENTUM CHECKING,,,2022-08-29T00:00:00
8/26/2022,"365 MARKET 888 43, TROY, MI","365 MARKET 888 43, TROY, MI",5.43,debit,Groceries,FIFTH THIRD MOMENTUM CHECKING,,,2022-08-26T00:00:00
8/26/2022,"MARX HOT BAGELS, BLUE ASH, OH","MARX HOT BAGELS, BLUE ASH, OH",7.64,debit,Fast Food,FIFTH THIRD MOMENTUM CHECKING,,,2022-08-26T00:00:00
8/26/2022,"VENMO, 8558124430, NY","VENMO, 8558124430, NY",500,debit,Transfer,FIFTH THIRD MOMENTUM CHECKING,,,2022-08-26T00:00:00
8/26/2022,"365 MARKET 888 43, TROY, MI","365 MARKET 888 43, TROY, MI",3.62,debit,Groceries,FIFTH THIRD MOMENTUM CHECKING,,,2022-08-26T00:00:00
8/25/2022,EARLY PAY: Total Qualit-OSV EDIP,EARLY PAY: Total Qualit-OSV EDIP,1075.37,credit,Paycheck,FIFTH THIRD MOMENTUM CHECKING,,,2022-08-25T00:00:00
8/25/2022,"DD DOORDASH DASHMA, 8559731040,","DD DOORDASH DASHMA, 8559731040,",23.37,debit,Food Delivery,FIFTH THIRD MOMENTUM CHECKING,,,2022-08-25T00:00:00
8/25/2022,UDFI002005 - 012328 UNITED DAIRY,UDFI002005 - 012328 UNITED DAIRY,14.97,debit,Groceries,FIFTH THIRD MOMENTUM CHECKING,,,2022-08-25T00:00:00
8/24/2022,"LOWES #01664*, MILFORD, OH","LOWES #01664*, MILFORD, OH",1.37,debit,Home Improvement,FIFTH THIRD MOMENTUM CHECKING,,,2022-08-24T00:00:00
8/24/2022,RECURRING PURCHASE AT APPLE.COM/,RECURRING PURCHASE AT APPLE.COM/,11.85,debit,Electronics & Software,FIFTH THIRD MOMENTUM CHECKING,,,2022-08-24T00:00:00
8/23/2022,"PHANTASM VAPORS -, MILFORD, OH","PHANTASM VAPORS -, MILFORD, OH",20.02,debit,Electronics & Software,FIFTH THIRD MOMENTUM CHECKING,,,2022-08-23T00:00:00
8/23/2022,UDFI015905 - 012404 UNITED DAIRY,UDFI015905 - 012404 UNITED DAIRY,48.74,debit,Gas & Fuel,FIFTH THIRD MOMENTUM CHECKING,,,2022-08-23T00:00:00
8/23/2022,"DD DOORDASH WHITEC, 8559731040,","DD DOORDASH WHITEC, 8559731040,",35.45,debit,Food Delivery,FIFTH THIRD MOMENTUM CHECKING,,,2022-08-23T00:00:00
8/23/2022,"BUCKS STORE 02, MILFORD, OH","BUCKS STORE 02, MILFORD, OH",8.7,debit,Coffee Shops,FIFTH THIRD MOMENTUM CHECKING,,,2022-08-23T00:00:00
8/23/2022,UDFI015905 - 012404 UNITED DAIRY,UDFI015905 - 012404 UNITED DAIRY,8.47,debit,Groceries,FIFTH THIRD MOMENTUM CHECKING,,,2022-08-23T00:00:00
8/22/2022,"TST* By Gollys, Milford, OH","TST* By Gollys, Milford, OH",32.03,debit,Restaurants,FIFTH THIRD MOMENTUM CHECKING,,,2022-08-22T00:00:00
8/22/2022,"FORAGER COFFEE + T, MILFORD, OH","FORAGER COFFEE + T, MILFORD, OH",5.75,debit,Coffee Shops,FIFTH THIRD MOMENTUM CHECKING,,,2022-08-22T00:00:00
8/22/2022,"VIP WIRELESS & SMO, MILFORD, OH","VIP WIRELESS & SMO, MILFORD, OH",40,debit,Shopping,FIFTH THIRD MOMENTUM CHECKING,,,2022-08-22T00:00:00
8/22/2022,"365 MARKET 888 43, TROY, MI","365 MARKET 888 43, TROY, MI",7.28,debit,Groceries,FIFTH THIRD MOMENTUM CHECKING,,,2022-08-22T00:00:00
8/22/2022,"DD DOORDASH MCDONA, 8559731040,","DD DOORDASH MCDONA, 8559731040,",27.59,debit,Food Delivery,FIFTH THIRD MOMENTUM CHECKING,,,2022-08-22T00:00:00
8/22/2022,"TST* By Gollys, Milford, OH","TST* By Gollys, Milford, OH",34,debit,Restaurants,FIFTH THIRD MOMENTUM CHECKING,,,2022-08-22T00:00:00
8/22/2022,"365 MARKET 888 43, TROY, MI","365 MARKET 888 43, TROY, MI",5.48,debit,Groceries,FIFTH THIRD MOMENTUM CHECKING,,,2022-08-22T00:00:00
8/22/2022,- 100 TRACTOR S 1325 STATE R MIL,- 100 TRACTOR S 1325 STATE R MIL,53.49,debit,Pet Food & Supplies,FIFTH THIRD MOMENTUM CHECKING,,,2022-08-22T00:00:00
8/22/2022,"TST* CHAPPY'S BOUR, DAY HEIGHTS,","TST* CHAPPY'S BOUR, DAY HEIGHTS,",17,debit,Restaurants,FIFTH THIRD MOMENTUM CHECKING,,,2022-08-22T00:00:00
8/22/2022,"365 MARKET 888 43, TROY, MI","365 MARKET 888 43, TROY, MI",3.62,debit,Groceries,FIFTH THIRD MOMENTUM CHECKING,,,2022-08-22T00:00:00
8/22/2022,UDFI002005 - 012328 UNITED DAIRY,UDFI002005 - 012328 UNITED DAIRY,10.34,debit,Groceries,FIFTH THIRD MOMENTUM CHECKING,,,2022-08-22T00:00:00
8/22/2022,"DD DOORDASH ICHIBA, 8559731040,","DD DOORDASH ICHIBA, 8559731040,",39.73,debit,Food Delivery,FIFTH THIRD MOMENTUM CHECKING,,,2022-08-22T00:00:00
8/19/2022,"CASH APP*JOHN FUGA, 4153753176,","CASH APP*JOHN FUGA, 4153753176,",30,debit,Transfer,FIFTH THIRD MOMENTUM CHECKING,,,2022-08-19T00:00:00
8/19/2022,"DD DOORDASH WINGSA, 8559731040,","DD DOORDASH WINGSA, 8559731040,",32.96,debit,Food Delivery,FIFTH THIRD MOMENTUM CHECKING,,,2022-08-19T00:00:00
8/18/2022,"SPRINGBORO MAYOR C, 937-748-4351","SPRINGBORO MAYOR C, 937-748-4351",50,debit,Restaurants,FIFTH THIRD MOMENTUM CHECKING,,,2022-08-18T00:00:00
8/18/2022,"FRANKLIN MUNICIPAL, 9377462858,","FRANKLIN MUNICIPAL, 9377462858,",55,debit,Utilities,FIFTH THIRD MOMENTUM CHECKING,,,2022-08-18T00:00:00
8/18/2022,"GOVT FEE PMT, 513-761-1448, OH","GOVT FEE PMT, 513-761-1448, OH",4.95,debit,Credit Card Payment,FIFTH THIRD MOMENTUM CHECKING,,,2022-08-18T00:00:00
8/18/2022,"DD DOORDASH DASHMA, 8559731040,","DD DOORDASH DASHMA, 8559731040,",52.5,debit,Food Delivery,FIFTH THIRD MOMENTUM CHECKING,,,2022-08-18T00:00:00
8/17/2022,"UBER TRIP, 8005928996, CA","UBER TRIP, 8005928996, CA",27.96,debit,Ride Share,FIFTH THIRD MOMENTUM CHECKING,,,2022-08-17T00:00:00
8/17/2022,"UBER* TRIP, SAN FRANCISCO, CA","UBER* TRIP, SAN FRANCISCO, CA",32.91,debit,Ride Share,FIFTH THIRD MOMENTUM CHECKING,,,2022-08-17T00:00:00
8/17/2022,- 637T41 WALGREENS 1243 STATE R,- 637T41 WALGREENS 1243 STATE R,30.28,debit,Pharmacy,FIFTH THIRD MOMENTUM CHECKING,,,2022-08-17T00:00:00
8/17/2022,- 637T21 WALGREENS 1243 STATE R,- 637T21 WALGREENS 1243 STATE R,12.92,debit,Pharmacy,FIFTH THIRD MOMENTUM CHECKING,,,2022-08-17T00:00:00
8/16/2022,"DD DOORDASH OUTBAC, 8559731040,","DD DOORDASH OUTBAC, 8559731040,",14.37,debit,Restaurants,FIFTH THIRD MOMENTUM CHECKING,,,2022-08-16T00:00:00
8/16/2022,"DD DOORDASH DASHMA, 8559731040,","DD DOORDASH DASHMA, 8559731040,",32.44,debit,Food Delivery,FIFTH THIRD MOMENTUM CHECKING,,,2022-08-16T00:00:00
8/15/2022,TWITCH TV - 001000 JTI*TWITCHTV,TWITCH TV - 001000 JTI*TWITCHTV,4.99,debit,Entertainment,FIFTH THIRD MOMENTUM CHECKING,,,2022-08-15T00:00:00
8/15/2022,"DD DOORDASH MARCOS, 8559731040,","DD DOORDASH MARCOS, 8559731040,",39.52,debit,Food Delivery,FIFTH THIRD MOMENTUM CHECKING,,,2022-08-15T00:00:00
8/15/2022,"MARX HOT BAGELS, BLUE ASH, OH","MARX HOT BAGELS, BLUE ASH, OH",8.33,debit,Fast Food,FIFTH THIRD MOMENTUM CHECKING,,,2022-08-15T00:00:00
8/15/2022,"BUCKS STORE 02, MILFORD, OH","BUCKS STORE 02, MILFORD, OH",5.25,debit,Coffee Shops,FIFTH THIRD MOMENTUM CHECKING,,,2022-08-15T00:00:00
8/15/2022,"365 MARKET 888 43, TROY, MI","365 MARKET 888 43, TROY, MI",3.62,debit,Groceries,FIFTH THIRD MOMENTUM CHECKING,,,2022-08-15T00:00:00
8/15/2022,"365 MARKET 888 43, TROY, MI","365 MARKET 888 43, TROY, MI",4.73,debit,Groceries,FIFTH THIRD MOMENTUM CHECKING,,,2022-08-15T00:00:00
8/15/2022,- 697T21 WALGREENS 9580 KENWOOD,- 697T21 WALGREENS 9580 KENWOOD,31.87,debit,Pharmacy,FIFTH THIRD MOMENTUM CHECKING,,,2022-08-15T00:00:00
8/15/2022,"365 MARKET 888 43, TROY, MI","365 MARKET 888 43, TROY, MI",5.22,debit,Groceries,FIFTH THIRD MOMENTUM CHECKING,,,2022-08-15T00:00:00
8/15/2022,RECURRING PURCHASE AT BVD*BEENVE,RECURRING PURCHASE AT BVD*BEENVE,26.89,debit,Music,FIFTH THIRD MOMENTUM CHECKING,,,2022-08-15T00:00:00
8/15/2022,"BUCKS STORE 02, BLUE ASH, OH","BUCKS STORE 02, BLUE ASH, OH",14.85,debit,Coffee Shops,FIFTH THIRD MOMENTUM CHECKING,,,2022-08-15T00:00:00
8/12/2022,"MOJO VAPES, FRANKLIN, OH","MOJO VAPES, FRANKLIN, OH",21.39,debit,Shopping,FIFTH THIRD MOMENTUM CHECKING,,,2022-08-12T00:00:00
8/12/2022,UDFI006405 - 012345 UNITED DAIRY,UDFI006405 - 012345 UNITED DAIRY,44.99,debit,Gas & Fuel,FIFTH THIRD MOMENTUM CHECKING,,,2022-08-12T00:00:00
8/12/2022,"MCDONALD'S F11530, MILFORD, OH","MCDONALD'S F11530, MILFORD, OH",3.3,debit,Fast Food,FIFTH THIRD MOMENTUM CHECKING,,,2022-08-12T00:00:00
8/12/2022,"FORAGER COFFEE + T, MILFORD, OH","FORAGER COFFEE + T, MILFORD, OH",6.6,debit,Coffee Shops,FIFTH THIRD MOMENTUM CHECKING,,,2022-08-12T00:00:00
8/12/2022,"365 MARKET 888 43, TROY, MI","365 MARKET 888 43, TROY, MI",5.16,debit,Groceries,FIFTH THIRD MOMENTUM CHECKING,,,2022-08-12T00:00:00
8/11/2022,EARLY PAY: Total Qualit-OSV EDIP,EARLY PAY: Total Qualit-OSV EDIP,1058.67,credit,Paycheck,FIFTH THIRD MOMENTUM CHECKING,,,2022-08-11T00:00:00
8/11/2022,"MCDONALD'S F11530, MILFORD, OH","MCDONALD'S F11530, MILFORD, OH",9.53,debit,Fast Food,FIFTH THIRD MOMENTUM CHECKING,,,2022-08-11T00:00:00
8/11/2022,"DD DOORDASH FREDDY, 8559731040,","DD DOORDASH FREDDY, 8559731040,",27.09,debit,Food Delivery,FIFTH THIRD MOMENTUM CHECKING,,,2022-08-11T00:00:00
8/10/2022,"ENCHANTED MOMENTS, MILFORD, OH","ENCHANTED MOMENTS, MILFORD, OH",11.2,debit,Gift,FIFTH THIRD MOMENTUM CHECKING,,,2022-08-10T00:00:00
8/10/2022,UDFI002005 - 012328 UNITED DAIRY,UDFI002005 - 012328 UNITED DAIRY,18.65,debit,Groceries,FIFTH THIRD MOMENTUM CHECKING,,,2022-08-10T00:00:00
8/10/2022,Received RTP ID 2022080902100002,Received RTP ID 2022080902100002,49.13,credit,Income,FIFTH THIRD MOMENTUM CHECKING,,,2022-08-10T00:00:00
08/09/2022,"DD DOORDASH CLOUD9, 8559731040,","DD DOORDASH CLOUD9, 8559731040,",41.47,debit,Food Delivery,FIFTH THIRD MOMENTUM CHECKING,,,2022-08-09T00:00:00
08/09/2022,"BUCKS STORE 55, MILFORD, OH","BUCKS STORE 55, MILFORD, OH",8.7,debit,Coffee Shops,FIFTH THIRD MOMENTUM CHECKING,,,2022-08-09T00:00:00
08/08/2022,"TACO BELL 31683, MILFORD, OH","TACO BELL 31683, MILFORD, OH",12.73,debit,Fast Food,FIFTH THIRD MOMENTUM CHECKING,,,2022-08-08T00:00:00
08/08/2022,"TST* The Governor, Milford, OH","TST* The Governor, Milford, OH",22,debit,Restaurants,FIFTH THIRD MOMENTUM CHECKING,,,2022-08-08T00:00:00
08/08/2022,"365 MARKET 888 43, TROY, MI","365 MARKET 888 43, TROY, MI",6.77,debit,Groceries,FIFTH THIRD MOMENTUM CHECKING,,,2022-08-08T00:00:00
08/08/2022,"365 MARKET 888 43, TROY, MI","365 MARKET 888 43, TROY, MI",5.4,debit,Groceries,FIFTH THIRD MOMENTUM CHECKING,,,2022-08-08T00:00:00
08/08/2022,"BVD*BEENVERIFIED.C, 855-9046471,","BVD*BEENVERIFIED.C, 855-9046471,",1,debit,Music,FIFTH THIRD MOMENTUM CHECKING,,,2022-08-08T00:00:00
08/08/2022,"MOJO VAPES, FRANKLIN, OH","MOJO VAPES, FRANKLIN, OH",21.39,debit,Shopping,FIFTH THIRD MOMENTUM CHECKING,,,2022-08-08T00:00:00
08/08/2022,UDFI002005 - 012328 UNITED DAIRY,UDFI002005 - 012328 UNITED DAIRY,47.45,debit,Gas & Fuel,FIFTH THIRD MOMENTUM CHECKING,,,2022-08-08T00:00:00
08/08/2022,WAL Wal-Mart Sup - 990011 5499 W,WAL Wal-Mart Sup - 990011 5499 W,58.21,debit,Shopping,FIFTH THIRD MOMENTUM CHECKING,,,2022-08-08T00:00:00
08/08/2022,Franklin Municipal,"FRANKLIN MUNICIPAL, FRANKLIN, OH",105,debit,Uncategorized,FIFTH THIRD MOMENTUM CHECKING,,,2022-08-08T00:00:00
08/08/2022,"365 MARKET 888 43, TROY, MI","365 MARKET 888 43, TROY, MI",6.58,debit,Groceries,FIFTH THIRD MOMENTUM CHECKING,,,2022-08-08T00:00:00
08/08/2022,"365 MARKET 888 43, TROY, MI","365 MARKET 888 43, TROY, MI",4.96,debit,Groceries,FIFTH THIRD MOMENTUM CHECKING,,,2022-08-08T00:00:00
08/05/2022,"DD DOORDASH IHOP, 8559731040, CA","DD DOORDASH IHOP, 8559731040, CA",25.77,debit,Restaurants,FIFTH THIRD MOMENTUM CHECKING,,,2022-08-05T00:00:00
08/05/2022,"TOAST & BERRY, MONTGOMERY, OH","TOAST & BERRY, MONTGOMERY, OH",30,debit,Restaurants,FIFTH THIRD MOMENTUM CHECKING,,,2022-08-05T00:00:00
08/04/2022,- 11CL01 HARVEST MARKET MILFORD,- 11CL01 HARVEST MARKET MILFORD,13.99,debit,Groceries,FIFTH THIRD MOMENTUM CHECKING,,,2022-08-04T00:00:00
08/04/2022,"HOLLYWOOD FEED 409, CINCINNATI,","HOLLYWOOD FEED 409, CINCINNATI,",54.38,debit,Pet Food & Supplies,FIFTH THIRD MOMENTUM CHECKING,,,2022-08-04T00:00:00
08/04/2022,"365 MARKET 888 43, TROY, MI","365 MARKET 888 43, TROY, MI",1.82,debit,Groceries,FIFTH THIRD MOMENTUM CHECKING,,,2022-08-04T00:00:00
08/04/2022,CRUNCH CLUB FEES 2221500306557,CRUNCH CLUB FEES 2221500306557,26.74,debit,Gym,FIFTH THIRD MOMENTUM CHECKING,,,2022-08-04T00:00:00
08/04/2022,"UBER TRIP, 8005928996, CA","UBER TRIP, 8005928996, CA",8.97,debit,Ride Share,FIFTH THIRD MOMENTUM CHECKING,,,2022-08-04T00:00:00
08/03/2022,"DD DOORDASH IHOP, 8559731040, CA","DD DOORDASH IHOP, 8559731040, CA",37.89,debit,Restaurants,FIFTH THIRD MOMENTUM CHECKING,,,2022-08-03T00:00:00
08/02/2022,"GENKI RAMEN & TEPP, WEST CHESTER","GENKI RAMEN & TEPP, WEST CHESTER",20,debit,Restaurants,FIFTH THIRD MOMENTUM CHECKING,,,2022-08-02T00:00:00
08/02/2022,"MCDONALD'S F7989, FRANKLIN, OH","MCDONALD'S F7989, FRANKLIN, OH",3.65,debit,Fast Food,FIFTH THIRD MOMENTUM CHECKING,,,2022-08-02T00:00:00
08/02/2022,- 041109 KROGER #4 824 MAIN ST.,- 041109 KROGER #4 824 MAIN ST.,73.01,debit,Groceries,FIFTH THIRD MOMENTUM CHECKING,,,2022-08-02T00:00:00
08/02/2022,- 100 TRACTOR S 1325 STATE R MIL,- 100 TRACTOR S 1325 STATE R MIL,53.07,debit,Pet Food & Supplies,FIFTH THIRD MOMENTUM CHECKING,,,2022-08-02T00:00:00
08/01/2022,"DD DOORDASH WINGSA, 8559731040,","DD DOORDASH WINGSA, 8559731040,",28.09,debit,Food Delivery,FIFTH THIRD MOMENTUM CHECKING,,,2022-08-01T00:00:00
08/01/2022,"UBER TRIP, 8005928996, CA","UBER TRIP, 8005928996, CA",85.78,debit,Ride Share,FIFTH THIRD MOMENTUM CHECKING,,,2022-08-01T00:00:00
08/01/2022,Speedway - 103301 200 S Main St,Speedway - 103301 200 S Main St,12.62,debit,Gas & Fuel,FIFTH THIRD MOMENTUM CHECKING,,,2022-08-01T00:00:00
08/01/2022,"AIRBNB HMB4NNH4WF, 4158005959, C","AIRBNB HMB4NNH4WF, 4158005959, C",603.63,debit,Hotel,FIFTH THIRD MOMENTUM CHECKING,,,2022-08-01T00:00:00
08/01/2022,"365 MARKET 888 43, TROY, MI","365 MARKET 888 43, TROY, MI",8.37,debit,Groceries,FIFTH THIRD MOMENTUM CHECKING,,,2022-08-01T00:00:00
08/01/2022,"MCDONALD'S M5230 O, FRANKLIN, OH","MCDONALD'S M5230 O, FRANKLIN, OH",8.45,debit,Fast Food,FIFTH THIRD MOMENTUM CHECKING,,,2022-08-01T00:00:00
08/01/2022,"365 MARKET 888 43, TROY, MI","365 MARKET 888 43, TROY, MI",6.55,debit,Groceries,FIFTH THIRD MOMENTUM CHECKING,,,2022-08-01T00:00:00
08/01/2022,"365 MARKET 888 43, TROY, MI","365 MARKET 888 43, TROY, MI",7.19,debit,Groceries,FIFTH THIRD MOMENTUM CHECKING,,,2022-08-01T00:00:00
7/29/2022,"UBER TRIP, 8005928996, CA","UBER TRIP, 8005928996, CA",53.98,debit,Ride Share,FIFTH THIRD MOMENTUM CHECKING,,,2022-07-29T00:00:00
7/29/2022,Speedway - 103301 200 S Main St,Speedway - 103301 200 S Main St,13.35,debit,Gas & Fuel,FIFTH THIRD MOMENTUM CHECKING,,,2022-07-29T00:00:00
7/29/2022,"365 MARKET 888 43, TROY, MI","365 MARKET 888 43, TROY, MI",5.44,debit,Groceries,FIFTH THIRD MOMENTUM CHECKING,,,2022-07-29T00:00:00
7/29/2022,"CASH APP*AMADOU TO, 4153753176,","CASH APP*AMADOU TO, 4153753176,",21,debit,Transfer,FIFTH THIRD MOMENTUM CHECKING,,,2022-07-29T00:00:00
7/29/2022,Total Qualit-OSV EDIPYMENTS 003G,Total Qualit-OSV EDIPYMENTS 003G,115.73,credit,Paycheck,FIFTH THIRD MOMENTUM CHECKING,,,2022-07-29T00:00:00
7/28/2022,"365 MARKET 888 43, TROY, MI","365 MARKET 888 43, TROY, MI",7.19,debit,Groceries,FIFTH THIRD MOMENTUM CHECKING,,,2022-07-28T00:00:00
7/28/2022,EARLY PAY: Total Qualit-OSV EDIP,EARLY PAY: Total Qualit-OSV EDIP,967.48,credit,Paycheck,FIFTH THIRD MOMENTUM CHECKING,,,2022-07-28T00:00:00
7/28/2022,"DD DOORDASH DAIRYQ, 8559731040,","DD DOORDASH DAIRYQ, 8559731040,",25.86,debit,Food Delivery,FIFTH THIRD MOMENTUM CHECKING,,,2022-07-28T00:00:00
7/26/2022,- 733T21 WALGREENS 1300 E 2ND S,- 733T21 WALGREENS 1300 E 2ND S,12.05,debit,Pharmacy,FIFTH THIRD MOMENTUM CHECKING,,,2022-07-26T00:00:00
7/26/2022,- 733T42 WALGREENS 1300 E 2ND S,- 733T42 WALGREENS 1300 E 2ND S,18.89,debit,Pharmacy,FIFTH THIRD MOMENTUM CHECKING,,,2022-07-26T00:00:00
7/25/2022,"DD DOORDASH CHICK-, 8559731040,","DD DOORDASH CHICK-, 8559731040,",26.07,debit,Food Delivery,FIFTH THIRD MOMENTUM CHECKING,,,2022-07-25T00:00:00
7/25/2022,"UBER TRIP, 8005928996, CA","UBER TRIP, 8005928996, CA",53.84,debit,Ride Share,FIFTH THIRD MOMENTUM CHECKING,,,2022-07-25T00:00:00
7/25/2022,"DD DOORDASH FREDDY, 8559731040,","DD DOORDASH FREDDY, 8559731040,",24.04,debit,Food Delivery,FIFTH THIRD MOMENTUM CHECKING,,,2022-07-25T00:00:00
7/25/2022,"365 MARKET 888 43, TROY, MI","365 MARKET 888 43, TROY, MI",6.44,debit,Groceries,FIFTH THIRD MOMENTUM CHECKING,,,2022-07-25T00:00:00
7/25/2022,"365 MARKET 888 43, TROY, MI","365 MARKET 888 43, TROY, MI",6.67,debit,Groceries,FIFTH THIRD MOMENTUM CHECKING,,,2022-07-25T00:00:00
7/25/2022,"UBER TRIP, 8005928996, CA","UBER TRIP, 8005928996, CA",75.93,debit,Ride Share,FIFTH THIRD MOMENTUM CHECKING,,,2022-07-25T00:00:00
7/25/2022,"UBER TRIP, 8005928996, CA","UBER TRIP, 8005928996, CA",49.72,debit,Ride Share,FIFTH THIRD MOMENTUM CHECKING,,,2022-07-25T00:00:00
7/22/2022,"DD DOORDASH TACOBE, 8559731040,","DD DOORDASH TACOBE, 8559731040,",33.7,debit,Food Delivery,FIFTH THIRD MOMENTUM CHECKING,,,2022-07-22T00:00:00
7/22/2022,- 200 CIRCLE K 05558 1101 ST MIL,- 200 CIRCLE K 05558 1101 ST MIL,61.95,debit,Gas & Fuel,FIFTH THIRD MOMENTUM CHECKING,,,2022-07-22T00:00:00
7/22/2022,"UBER TRIP, 8005928996, CA","UBER TRIP, 8005928996, CA",62.72,debit,Ride Share,FIFTH THIRD MOMENTUM CHECKING,,,2022-07-22T00:00:00
7/22/2022,"365 MARKET 888 43, TROY, MI","365 MARKET 888 43, TROY, MI",2.86,debit,Groceries,FIFTH THIRD MOMENTUM CHECKING,,,2022-07-22T00:00:00
7/21/2022,"365 MARKET 888 43, TROY, MI","365 MARKET 888 43, TROY, MI",3.45,debit,Groceries,FIFTH THIRD MOMENTUM CHECKING,,,2022-07-21T00:00:00
7/20/2022,"AMI MUSICBOX, GRAND RAPIDS, MI","AMI MUSICBOX, GRAND RAPIDS, MI",5,debit,Music,FIFTH THIRD MOMENTUM CHECKING,,,2022-07-20T00:00:00
7/20/2022,"SQ *ADKINS BIERMAN, Franklin, OH","SQ *ADKINS BIERMAN, Franklin, OH",30,debit,Restaurants,FIFTH THIRD MOMENTUM CHECKING,,,2022-07-20T00:00:00
7/20/2022,"WOOLLYS WATERING H, FRANKLIN, OH","WOOLLYS WATERING H, FRANKLIN, OH",13,debit,Restaurants,FIFTH THIRD MOMENTUM CHECKING,,,2022-07-20T00:00:00
7/20/2022,"CASH APP*NORA HELT, 4153753176,","CASH APP*NORA HELT, 4153753176,",50,debit,Transfer,FIFTH THIRD MOMENTUM CHECKING,,,2022-07-20T00:00:00
7/20/2022,"DD DOORDASH CHIPOT, 8559731040,","DD DOORDASH CHIPOT, 8559731040,",34.23,debit,Food Delivery,FIFTH THIRD MOMENTUM CHECKING,,,2022-07-20T00:00:00
7/20/2022,Speedway - 103301 200 S Main St,Speedway - 103301 200 S Main St,13.51,debit,Gas & Fuel,FIFTH THIRD MOMENTUM CHECKING,,,2022-07-20T00:00:00
7/18/2022,UDFI017705 - 043491 UNITED DAIRY,UDFI017705 - 043491 UNITED DAIRY,74.61,debit,Gas & Fuel,FIFTH THIRD MOMENTUM CHECKING,,,2022-07-18T00:00:00
7/18/2022,"DD DOORDASH MCDONA, 8559731040,","DD DOORDASH MCDONA, 8559731040,",24.01,debit,Food Delivery,FIFTH THIRD MOMENTUM CHECKING,,,2022-07-18T00:00:00
7/18/2022,- 088603 ALDI 61064 FRANKLN OH O,- 088603 ALDI 61064 FRANKLN OH O,80.04,debit,Groceries,FIFTH THIRD MOMENTUM CHECKING,,,2022-07-18T00:00:00
7/18/2022,"BUCKS STORE 02, MILFORD, OH","BUCKS STORE 02, MILFORD, OH",13.25,debit,Coffee Shops,FIFTH THIRD MOMENTUM CHECKING,,,2022-07-18T00:00:00
7/18/2022,"UBER TRIP, 8005928996, CA","UBER TRIP, 8005928996, CA",65.68,debit,Ride Share,FIFTH THIRD MOMENTUM CHECKING,,,2022-07-18T00:00:00
7/18/2022,- ERM002 THORNTONS #0554 - 798 M,- ERM002 THORNTONS #0554 - 798 M,21.45,debit,Gas & Fuel,FIFTH THIRD MOMENTUM CHECKING,,,2022-07-18T00:00:00
7/18/2022,"DD DOORDASH NUMBER, 8559731040,","DD DOORDASH NUMBER, 8559731040,",18.42,debit,Food Delivery,FIFTH THIRD MOMENTUM CHECKING,,,2022-07-18T00:00:00
7/15/2022,"CASH APP*NOAH CATA, 4153753176,","CASH APP*NOAH CATA, 4153753176,",20,debit,Misc Expenses,FIFTH THIRD MOMENTUM CHECKING,,,2022-07-15T00:00:00
7/14/2022,EARLY PAY: Total Qualit-OSV EDIP,EARLY PAY: Total Qualit-OSV EDIP,1141.65,credit,Paycheck,FIFTH THIRD MOMENTUM CHECKING,,,2022-07-14T00:00:00
7/13/2022,UDFI017705 - 043491 UNITED DAIRY,UDFI017705 - 043491 UNITED DAIRY,55.82,debit,Gas & Fuel,FIFTH THIRD MOMENTUM CHECKING,,,2022-07-13T00:00:00
7/13/2022,TWITCH TV - 001000 JTI*TWITCHTV,TWITCH TV - 001000 JTI*TWITCHTV,4.99,debit,Entertainment,FIFTH THIRD MOMENTUM CHECKING,,,2022-07-13T00:00:00
7/12/2022,"SQ *ADKINS BIERMAN, Franklin, OH","SQ *ADKINS BIERMAN, Franklin, OH",18,debit,Restaurants,FIFTH THIRD MOMENTUM CHECKING,,,2022-07-12T00:00:00
7/12/2022,"SALLY BEAUTY #0779, MIDDLETOWN,","SALLY BEAUTY #0779, MIDDLETOWN,",66.8,debit,Personal Care,FIFTH THIRD MOMENTUM CHECKING,,,2022-07-12T00:00:00
7/11/2022,"DD DOORDASH MARCOS, 8559731040,","DD DOORDASH MARCOS, 8559731040,",28.97,debit,Food Delivery,FIFTH THIRD MOMENTUM CHECKING,,,2022-07-11T00:00:00
7/11/2022,"BUCKEYE THRIFT STO, MIDDLETOWN,","BUCKEYE THRIFT STO, MIDDLETOWN,",23,debit,Shopping,FIFTH THIRD MOMENTUM CHECKING,,,2022-07-11T00:00:00
7/11/2022,Speedway - 103301 200 S Main St,Speedway - 103301 200 S Main St,1.99,debit,Gas & Fuel,FIFTH THIRD MOMENTUM CHECKING,,,2022-07-11T00:00:00
7/11/2022,"BURGER KING #4064, MIDDLETOWN, O","BURGER KING #4064, MIDDLETOWN, O",7.87,debit,Fast Food,FIFTH THIRD MOMENTUM CHECKING,,,2022-07-11T00:00:00
7/11/2022,"365 MARKET 888 43, TROY, MI","365 MARKET 888 43, TROY, MI",5,debit,Groceries,FIFTH THIRD MOMENTUM CHECKING,,,2022-07-11T00:00:00
7/11/2022,"365 MARKET 888 43, TROY, MI","365 MARKET 888 43, TROY, MI",7.55,debit,Groceries,FIFTH THIRD MOMENTUM CHECKING,,,2022-07-11T00:00:00
7/11/2022,"WHITE CASTLE 0200, MILFORD, OH","WHITE CASTLE 0200, MILFORD, OH",13.66,debit,Fast Food,FIFTH THIRD MOMENTUM CHECKING,,,2022-07-11T00:00:00
7/11/2022,"365 MARKET 888 43, TROY, MI","365 MARKET 888 43, TROY, MI",5.3,debit,Groceries,FIFTH THIRD MOMENTUM CHECKING,,,2022-07-11T00:00:00
7/11/2022,SUNOCO 055092290 - 625603 6900 L,SUNOCO 055092290 - 625603 6900 L,12.55,debit,Gas & Fuel,FIFTH THIRD MOMENTUM CHECKING,,,2022-07-11T00:00:00
7/11/2022,"UBER TRIP, 8005928996, CA","UBER TRIP, 8005928996, CA",50.24,debit,Ride Share,FIFTH THIRD MOMENTUM CHECKING,,,2022-07-11T00:00:00
07/08/2022,"PMT*OH BUREAU MOTO, COLUMBUS, OH","PMT*OH BUREAU MOTO, COLUMBUS, OH",63,debit,Auto & Transport,FIFTH THIRD MOMENTUM CHECKING,,,2022-07-08T00:00:00
07/07/2022,"COMFORT INN BLUE A, BLUE ASH, OH","COMFORT INN BLUE A, BLUE ASH, OH",131.09,credit,Income,FIFTH THIRD MOMENTUM CHECKING,,,2022-07-07T00:00:00
07/07/2022,VENMO CASHOUT 1021071509319 0707,VENMO CASHOUT 1021071509319 0707,250,credit,Transfer,FIFTH THIRD MOMENTUM CHECKING,,,2022-07-07T00:00:00